mdate;Rf;MktRf;SMB;HML
195807;0,00252;0,03457;0,03221;-0,02137
195808;0,00236;0,08535;-0,01284;-0,02355
195809;0,00247;0,09147;-0,02363;-0,01922
195810;0,00226;0,05334;0,0208;-0,01705
195811;0,00236;0,00327;0,01878;0,04144
195812;0,00282;0,03495;-0,02677;-0,02643
195901;0,00206;0,04147;0,01672;-0,03179
195902;0,00211;-0,00808;0,05106;-0,02619
195903;0,00231;0,04164;-0,03167;0,01657
195904;0,00206;0,05214;-0,04861;0,00598
195905;0,00221;0,11763;-0,04691;-0,08492
195906;0,00216;0,11606;0,06573;-0,03301
195907;0,00196;0,11943;-0,01113;0,07381
195908;0,00206;0,10279;-0,01157;0,00592
195909;0,00231;-0,07573;0,01833;-0,00081
195910;0,00247;-0,03227;-0,02236;-0,00412
195911;0,00317;0,04266;-0,01169;0,0071
195912;0,00395;0,06786;-0,00424;-0,00794
196001;0,00335;0,01465;0,03306;-0,0322
196002;0,00343;-0,01935;0,05075;-0,03257
196003;0,0037;-0,00112;0,00703;-0,04602
196004;0,0036;0,03435;0,00602;-0,02807
196005;0,00351;0,12007;-0,0193;-0,07679
196006;0,00427;0,14427;-0,01496;-0,05224
196007;0,00436;-0,00175;0,02185;-0,05392
196008;0,0043;0,15125;-0,01805;-0,11419
196009;0,00447;-0,08166;0,04466;0,09194
196010;0,00442;-0,03617;0,01952;0,01162
196011;0,00392;-0,02625;-0,00497;-0,01806
196012;0,00445;-0,00724;-0,0048;-0,00279
196101;0,00356;-0,02104;0,01674;0,02519
196102;0,0032;0,00138;-0,01665;0,01564
196103;0,00294;-0,01327;-0,01187;-0,02335
196104;0,00262;0,01673;0,00363;-0,00855
196105;0,00255;0,05588;0,00061;-0,02409
196106;0,00245;-0,03235;0,02273;0,01259
196107;0,00247;-0,06634;0,00735;0,01883
196108;0,00242;-0,0901;0,02055;0,01959
196109;0,00243;-0,00162;-0,0289;-0,0088
196110;0,0023;0,05277;-0,00187;-0,04428
196111;0,00227;0,0301;0,0137;-0,01167
196112;0,00338;-0,03441;-0,0042;0,00958
196201;0,00221;-0,02749;0,0129;0,01593
196202;0,00217;-0,00967;0,01074;-0,02262
196203;0,00235;-0,01581;0,00267;-0,00474
196204;0,00235;-0,03376;0,01515;0,01252
196205;0,00235;-0,13989;0,00708;0,05094
196206;0,00249;-0,07645;0,01247;0,04667
196207;0,00248;-0,04161;0,00558;-0,00166
196208;0,00242;0,04724;-0,07137;-0,00389
196209;0,00254;-0,06816;0,03022;-0,00421
196210;0,00241;-0,02317;-0,02777;0,0129
196211;0,00234;0,1804;-0,01207;-0,13462
196212;0,00387;-0,03325;0,00249;-0,02854
196301;0,00243;-0,0425;0,03523;-0,01086
196302;0,00251;-0,05388;0,03108;-0,02589
196303;0,00274;0,03792;-0,02566;-0,03774
196304;0,00271;0,02826;-0,00563;0,03778
196305;0,00278;0,13655;-0,05845;-0,05148
196306;0,00303;-0,02789;0,01701;0,01809
196307;0,00285;0,02253;0,0186;0,01142
196308;0,00278;0,04378;-0,01297;-0,00476
196309;0,00283;-0,00111;0,02867;0,02801
196310;0,00268;-0,02889;0,00371;-0,01319
196311;0,00249;-0,02642;-0,00494;0,00718
196312;0,00438;0,02533;-0,01109;-0,00522
196401;0,00249;0,05547;-0,03312;0,06644
196402;0,00253;0,018;-0,01559;0,07368
196403;0,00267;0,03765;-0,02882;0,04046
196404;0,00271;-0,03025;0,0342;0,01963
196405;0,00274;-0,02971;0,02218;-0,0291
196406;0,00296;0,00016;-0,02229;0,02177
196407;0,0028;0,0234;-0,04314;0,03713
196408;0,00302;0,0233;0,03471;0,03603
196409;0,00318;-0,01739;0,01964;-0,00161
196410;0,00323;-0,03848;0,02098;-0,0204
196411;0,0029;-0,01646;0,00339;-0,00783
196412;0,00457;0,00983;0,00008;-0,03025
196501;0,00277;0,00582;-0,01267;0,01188
196502;0,00287;-0,03312;0,01102;0,01241
196503;0,00335;-0,03914;0,02065;-0,00134
196504;0,00346;0,00275;-0,01214;0,01185
196505;0,00358;0,00536;-0,01799;0,00551
196506;0,00378;-0,05936;0,02036;0,00313
196507;0,00383;0,03564;-0,01424;-0,00723
196508;0,0038;0,00708;0,01215;-0,00543
196509;0,0042;-0,00403;0,00862;0,01144
196510;0,00426;-0,04857;0,02125;0,02043
196511;0,00395;-0,03553;0,01743;-0,03366
196512;0,00546;-0,00958;0,00437;0,01657
196601;0,00367;0,04908;-0,01604;-0,04437
196602;0,00383;0,01968;0,01011;0,00227
196603;0,00446;-0,04121;0,02535;-0,01319
196604;0,00473;-0,03957;0,01921;0,0146
196605;0,00469;-0,02615;0,00815;-0,00914
196606;0,00532;-0,08445;0,04576;0,02837
196607;0,00536;-0,05091;0,03366;-0,01614
196608;0,0051;0,04698;-0,00748;0,00203
196609;0,00503;0,03014;-0,01071;-0,03163
196610;0,00503;-0,07164;0,02815;-0,00507
196611;0,00469;0,00089;-0,02049;0,01239
196612;0,00636;-0,02268;0,0247;-0,00059
196701;0,00434;0,06048;-0,05552;-0,00101
196702;0,00427;0,02835;0,00752;0,02358
196703;0,00385;0,0274;-0,01329;-0,01404
196704;0,00348;-0,047;0,02625;-0,00122
196705;0,00267;0,01131;-0,01185;0,0228
196706;0,00275;-0,01661;0,01279;-0,02785
196707;0,00217;0,071;-0,01851;0,0391
196708;0,00225;0,11305;-0,04219;0,03667
196709;0,00259;0,02674;0,01468;-0,00177
196710;0,00208;0,03691;-0,02086;0,01144
196711;0,00147;0,03841;-0,00311;-0,0274
196712;0,00355;0,03482;-0,02302;0,03788
196801;0,00224;0,03647;0,04739;-0,00062
196802;0,00246;-0,002;-0,0058;0,01461
196803;0,00273;0,02332;-0,02715;-0,00182
196804;0,0027;0,03453;-0,00846;0,04442
196805;0,00267;-0,00993;-0,0033;-0,02618
196806;0,00279;0,06616;-0,0304;0,00518
196807;0,00251;-0,00069;0,01432;-0,01623
196808;0,00251;0,0081;0,01306;0,0622
196809;0,00265;-0,02738;0,04188;0,03629
196810;0,00281;0,01833;-0,01397;-0,028
196811;0,00244;-0,01938;0,02314;-0,02612
196812;0,00371;-0,01154;0,01181;-0,00114
196901;0,00306;0,05052;-0,00702;-0,01868
196902;0,00293;-0,02406;0,05292;0,01435
196903;0,00324;0,01035;-0,01638;-0,01589
196904;0,00311;-0,00348;-0,0014;0,0063
196905;0,00314;0,06964;-0,0238;0,02079
196906;0,00397;-0,02594;0,0557;0,02644
196907;0,00447;-0,03159;0,02688;-0,01617
196908;0,00487;0,06091;-0,01421;-0,01921
196909;0,00507;-0,02105;0,05353;0,01709
196910;0,00529;0,04366;0,07108;-0,02547
196911;0,00585;0,04284;0,00727;0,01359
196912;0,00771;-0,0591;-0,00108;0,00148
197001;0,00735;-0,06369;0,02492;0,02572
197002;0,00739;-0,02556;0,00492;0,0192
197003;0,00778;-0,0012;-0,00049;0,0494
197004;0,00784;-0,0538;0,00193;0,00916
197005;0,00787;-0,09149;-0,01363;0,03368
197006;0,00777;-0,042;0,03997;-0,00195
197007;0,00751;0,059;0,00233;-0,0064
197008;0,00707;0,0052;0,0056;-0,00869
197009;0,00739;-0,02845;-0,00092;0,00585
197010;0,00717;-0,02238;0,0059;0,00636
197011;0,00661;-0,03703;0,01009;0,00149
197012;0,00679;-0,03203;0,03408;-0,00731
197101;0,00618;0,12547;-0,02111;0,01194
197102;0,00596;0,03009;-0,01012;0,00285
197103;0,00613;0,00643;0,00902;-0,01743
197104;0,00501;-0,06152;0,03436;-0,01669
197105;0,00413;0,01455;-0,00689;-0,007
197106;0,0053;-0,01441;0,01285;-0,02544
197107;0,00596;0,03806;0,00991;-0,00109
197108;0,00556;-0,04093;0,04815;-0,02313
197109;0,00592;-0,04295;0,00348;-0,00278
197110;0,0059;-0,06631;0,03803;-0,01873
197111;0,00436;-0,00411;-0,01139;0,0242
197112;0,00559;0,05479;-0,02585;0,01721
197201;0,00403;0,04275;-0,00425;0,00696
197202;0,00371;0,07376;-0,00756;0,03761
197203;0,00358;0,03965;0,0089;0,00601
197204;0,00357;-0,02495;0,03665;-0,02975
197205;0,00327;0,0255;0,0165;-0,00009
197206;0,00335;-0,01483;0,0235;-0,00077
197207;0,00323;0,06114;-0,03376;-0,00593
197208;0,00354;-0,01452;0,04273;0,01869
197209;0,00411;-0,03608;0,01253;-0,01001
197210;0,00483;-0,02804;0,00701;-0,00488
197211;0,00574;0,006;0,02657;0,03461
197212;0,00689;-0,01923;0,02165;0,02247
197301;0,00562;0,04481;0,01777;-0,02175
197302;0,00526;-0,02182;0,02582;0,00278
197303;0,00695;0,04909;0,00651;0,01664
197304;0,00912;-0,05314;0,04654;-0,00218
197305;0,00926;-0,10214;0,01105;-0,00109
197306;0,00981;-0,01376;-0,00987;0,00412
197307;0,01045;-0,07222;0,00214;0,00298
197308;0,00959;0,00304;-0,00293;-0,02189
197309;0,01046;-0,02569;-0,01008;0,00266
197310;0,01037;0,05614;-0,02167;0,04821
197311;0,00955;-0,11093;0,0586;0,0066
197312;0,01048;-0,02704;0,00696;0,02221
197401;0,00925;0,05604;-0,02655;0,0142
197402;0,00801;-0,069;0,03576;-0,01041
197403;0,00889;-0,00425;-0,01857;0,01381
197404;0,00742;0,03219;-0,03128;0,03489
197405;0,00656;-0,03949;0,02836;0,02209
197406;0,00722;-0,03262;-0,00689;0,01036
197407;0,00738;-0,00688;-0,03242;0,00112
197408;0,00752;0,00079;-0,03249;0,03405
197409;0,00752;-0,05807;0,00246;0,00962
197410;0,00743;0,01097;-0,05851;-0,00817
197411;0,0066;0,04509;0,00056;-0,07039
197412;0,00692;0,00454;0,01839;0,00759
197501;0,00612;0,07766;-0,0636;0,05879
197502;0,00457;0,10036;0,03386;0,0118
197503;0,00442;0,00473;0,00372;0,0014
197504;0,00377;0,02357;-0,01802;-0,00673
197505;0,00403;-0,07037;0,02091;-0,01201
197506;0,00395;0,00959;-0,00872;0,02706
197507;0,0037;0,0845;-0,061;0,01161
197508;0,00263;-0,04574;0,02245;-0,00084
197509;0,00315;-0,01662;0,0022;-0,00144
197510;0,00301;0,06951;-0,03841;0,02291
197511;0,00296;0,04417;-0,04041;0,03431
197512;0,00348;0,002;0,00149;0,01911
197601;0,00307;0,00623;-0,01975;0,04199
197602;0,00286;0,00017;-0,01012;0,0069
197603;0,00294;0,02492;-0,00693;0,02812
197604;0,00283;-0,05845;0,03098;-0,01237
197605;0,00298;-0,00915;-0,02824;-0,00407
197606;0,00331;0,00978;0,00197;0,00382
197607;0,00356;-0,01362;0,01383;0,00426
197608;0,0036;-0,01019;0,00088;-0,01307
197609;0,00363;0,00601;-0,00197;0,01571
197610;0,00353;-0,07519;0,02716;-0,01114
197611;0,0033;0,0437;-0,03443;0,03562
197612;0,00411;0,00204;0,00448;-0,01215
197701;0,00381;0,00356;-0,01847;0,0405
197702;0,00355;-0,02499;0,00926;0,00752
197703;0,00377;0,02608;-0,01764;0,01896
197704;0,00369;0,06351;-0,02067;-0,00432
197705;0,00352;-0,01688;0,03306;0,00939
197706;0,00342;-0,01748;0,03054;0,00809
197707;0,00344;0,0171;0,01238;0,00978
197708;0,00332;0,01905;0,01075;0,00189
197709;0,00331;0,00593;-0,00125;-0,00814
197710;0,0033;0,02071;0,00538;0,00607
197711;0,00327;0,00451;0,01887;0,0034
197712;0,00331;-0,01423;-0,00004;-0,01762
197801;0,00287;0,00951;0,02829;0,01393
197802;0,00271;0,00523;0,00564;0,0187
197803;0,00289;-0,00487;0,01205;0,02316
197804;0,00292;-0,02974;0,01031;-0,01408
197805;0,00292;0,01956;-0,02015;0,01539
197806;0,00294;0,02919;-0,00282;-0,00993
197807;0,00298;0,03534;0,00865;-0,0019
197808;0,00287;0,01404;0,02278;0,01668
197809;0,00291;0,02218;-0,0015;0,00941
197810;0,00289;-0,02406;-0,00941;-0,00621
197811;0,00267;-0,01354;0,01809;-0,00759
197812;0,00338;-0,00303;0,00806;0,00226
197901;0,00305;0,01201;0,00471;0,0302
197902;0,00312;-0,03072;-0,00297;0,01424
197903;0,00355;-0,0179;0,00153;0,02172
197904;0,0044;-0,00303;-0,00566;-0,0016
197905;0,00454;-0,04769;0,01127;-0,02124
197906;0,0047;-0,01631;-0,00913;-0,00076
197907;0,00503;0,03079;-0,01352;0,01479
197908;0,00544;0,00945;-0,00522;0,01403
197909;0,00615;-0,00506;0,01552;-0,02908
197910;0,00665;-0,05095;0,0038;-0,00714
197911;0,00676;0,00074;-0,02396;-0,01125
197912;0,00781;-0,02247;0,00582;0,00059
198001;0,007;0,00026;-0,02306;-0,00431
198002;0,00686;0,01684;-0,03153;-0,01014
198003;0,00732;-0,0806;0,00489;-0,02109
198004;0,00751;0,02209;-0,0188;-0,0068
198005;0,00804;0,02192;-0,00848;-0,00123
198006;0,00799;0,02646;-0,00051;-0,00712
198007;0,00781;0,02523;0,01308;-0,00117
198008;0,00733;-0,02651;0,03284;-0,01588
198009;0,00728;-0,00816;-0,01223;-0,01974
198010;0,00726;-0,02707;0,00604;-0,02696
198011;0,00731;0,00263;-0,01075;-0,01135
198012;0,00826;-0,03004;0,00661;-0,00198
198101;0,00751;-0,02502;0,00216;-0,01456
198102;0,00798;-0,00751;-0,01094;0,02545
198103;0,01042;0,01979;0,00331;0,02975
198104;0,00992;0,03085;-0,01721;-0,00751
198105;0,01019;-0,03167;0,00477;-0,01426
198106;0,01004;0,05346;-0,05037;-0,00452
198107;0,01004;0,00705;-0,00469;0,00756
198108;0,01002;-0,03109;0,01295;0,02151
198109;0,00972;-0,06591;0,01749;-0,0238
198110;0,00924;-0,0172;0,00162;-0,0307
198111;0,00869;0,01943;-0,00352;-0,00371
198112;0,00892;-0,03149;0,04934;-0,02188
198201;0,00835;0,01222;-0,0112;0,02083
198202;0,00771;0,01408;0,02316;-0,00688
198203;0,00792;0,01594;0,00891;0,02141
198204;0,0075;-0,01086;0,00342;-0,00696
198205;0,00739;-0,01829;-0,00056;-0,02369
198206;0,00731;-0,02141;-0,00926;-0,02147
198207;0,00748;-0,00224;-0,01322;-0,01183
198208;0,00721;-0,01508;-0,00997;-0,00988
198209;0,00647;0,04569;-0,00416;-0,01163
198210;0,00612;-0,01207;0,02341;-0,04071
198211;0,00572;0,02007;0,00177;-0,02192
198212;0,00549;0,0566;-0,04469;0,0072
198301;0,00483;-0,01288;0,02428;0,00555
198302;0,00457;0,06453;-0,01857;0,02914
198303;0,00449;0,11132;-0,01442;0,03862
198304;0,00414;0,05951;-0,00158;-0,00164
198305;0,00427;-0,05295;0,0176;-0,01281
198306;0,00428;0,04338;-0,01558;-0,00675
198307;0,00437;0,02826;-0,01834;-0,00582
198308;0,00444;-0,05826;0,012;0,00523
198309;0,00459;0,01908;-0,03043;0,00728
198310;0,00472;0,06779;-0,0523;-0,02459
198311;0,00467;0,01003;-0,05512;-0,04602
198312;0,00529;0,00503;0,0044;0,01181
198401;0,00486;0,03446;0,05107;0,05608
198402;0,00453;-0,04667;0,03273;-0,00388
198403;0,0047;-0,00247;0,00337;0,01136
198404;0,00458;0,00567;-0,00804;-0,01745
198405;0,00474;-0,03513;0,02623;-0,00791
198406;0,00464;0,02462;0,02177;-0,0332
198407;0,00475;-0,0599;0,01434;-0,03635
198408;0,00471;0,04929;-0,01612;-0,00624
198409;0,00462;0,06136;-0,02785;0,00669
198410;0,00476;0,01034;0,01341;0,01823
198411;0,00456;0,00079;-0,01425;0,01674
198412;0,0048;0,01434;-0,01363;-0,01238
198501;0,00473;0,03717;0,00356;-0,02281
198502;0,00458;0,00773;-0,01583;0,02886
198503;0,00503;0,00975;0,00575;0,02023
198504;0,00471;0,03116;0,00441;0,02383
198505;0,00469;0,08199;-0,06684;0,02506
198506;0,00452;0,0601;-0,0272;-0,00368
198507;0,00432;-0,04194;0,03016;-0,02528
198508;0,00391;0,07958;-0,04269;0,01939
198509;0,0038;0,05809;-0,00213;0,05064
198510;0,00388;0,12289;-0,03088;0,01436
198511;0,00378;-0,02217;0,03417;-0,00321
198512;0,00397;0,11083;-0,06916;0,02289
198601;0,00385;-0,00051;-0,01592;-0,01566
198602;0,0035;-0,02211;0,03066;0,05586
198603;0,0038;0,08262;-0,02656;0,02349
198604;0,0037;0,04912;0,04428;-0,02312
198605;0,00378;-0,09234;0,00124;-0,03277
198606;0,00367;-0,01644;-0,01921;-0,00929
198607;0,00376;-0,05026;0,03261;-0,01068
198608;0,00374;0,13841;-0,0658;-0,00232
198609;0,00367;-0,05653;0,02215;-0,03237
198610;0,00374;0,00575;-0,00408;0,02801
198611;0,00371;0,02889;-0,00978;-0,01617
198612;0,00408;-0,01503;0,00073;-0,00756
198701;0,00367;-0,11296;0,04661;0,01252
198702;0,00306;-0,05695;0,01669;0,00937
198703;0,00327;0,03026;-0,02762;-0,01373
198704;0,00316;0,00016;-0,01312;-0,02177
198705;0,00308;-0,01582;-0,00615;0,0243
198706;0,00299;0,06286;-0,03835;-0,01163
198707;0,00312;0,06302;-0,01771;-0,00657
198708;0,00321;0,0114;0,03592;0,00906
198709;0,00323;-0,02854;0,02103;0,01054
198710;0,00328;-0,21971;0,04181;0,00114
198711;0,00295;-0,13066;0,06129;0,09093
198712;0,00301;-0,01511;0,00751;-0,01051
198801;0,00276;-0,06789;0,02024;-0,0225
198802;0,00264;0,14459;-0,04123;-0,0163
198803;0,00278;-0,00202;0,0472;0,02196
198804;0,00271;-0,01266;0,052;-0,0028
198805;0,00281;0,01445;-0,01079;0,03371
198806;0,00301;0,04565;-0,00434;0,02227
198807;0,00382;0,02658;-0,01482;-0,01103
198808;0,00415;-0,00206;0,00976;0,03635
198809;0,00395;0,0589;-0,01933;0,01945
198810;0,00399;0,03289;-0,00333;0,00334
198811;0,00383;-0,03315;0,0165;0,01252
198812;0,00436;0,03908;-0,00051;0,05986
198901;0,00452;0,01506;0,09722;0,02442
198902;0,00468;-0,02489;0,00828;-0,01915
198903;0,00511;0,0146;0,0074;0,03731
198904;0,00493;0,0339;0,02187;0,0511
198905;0,00546;0,01524;0,02311;0,03955
198906;0,00539;0,05171;-0,00675;-0,0026
198907;0,00565;0,0407;-0,01328;-0,03813
198908;0,00566;0,03136;-0,0053;0,00045
198909;0,00576;0,00371;0,06595;-0,00655
198910;0,00642;-0,07258;0,02276;-0,02167
198911;0,00629;0,04863;0,00374;0,06224
198912;0,00642;0,10264;-0,09595;0,01885
199001;0,0065;0,01786;-0,00843;0,0193
199002;0,00603;-0,01387;0,0093;0,02065
199003;0,00658;0,08674;0,00218;0,02969
199004;0,00636;-0,07285;0,04183;0,01678
199005;0,00655;0,0117;0,02562;-0,00158
199006;0,00639;0,02293;0,00583;-0,00986
199007;0,0065;0,03356;0,03152;-0,05843
199008;0,0066;-0,15302;0,04965;-0,03538
199009;0,0066;-0,1729;0,04476;-0,03189
199010;0,00661;0,07637;-0,04379;-0,03221
199011;0,00672;-0,00065;-0,00953;-0,00848
199012;0,00722;-0,03574;0,02674;0,02349
199101;0,00715;-0,0117;-0,04345;0,04173
199102;0,00711;0,08068;-0,0091;0,03295
199103;0,00715;-0,02145;0,02702;-0,00541
199104;0,00716;0,03449;-0,04501;0,0211
199105;0,0071;0,04126;-0,0383;0,00665
199106;0,00711;-0,04336;0,03164;-0,00094
199107;0,00715;-0,01519;-0,01511;0,0209
199108;0,00726;0,00574;-0,01308;0,00965
199109;0,00727;-0,03568;0,01043;0,00109
199110;0,00729;-0,02552;0,00277;-0,01612
199111;0,00732;-0,02117;-0,0084;-0,01362
199112;0,00761;-0,0128;-0,02781;0,00511
199201;0,00758;0,04826;-0,03019;0,03029
199202;0,00763;0,02814;-0,00002;0,00596
199203;0,00771;-0,01942;0,01138;0,0102
199204;0,00774;-0,00594;0,00922;0,01233
199205;0,00776;0,02451;-0,02621;0,00394
199206;0,00774;-0,04097;0,00752;-0,01313
199207;0,00775;-0,08077;0,01333;-0,00109
199208;0,00781;-0,05997;-0,00226;0,0035
199209;0,00751;-0,04;0,01601;-0,04811
199210;0,00715;0,00386;-0,01836;-0,01877
199211;0,00715;0,01523;-0,02072;-0,00338
199212;0,00726;-0,01013;-0,00506;0,00334
199301;0,00692;0,0132;-0,00128;-0,00342
199302;0,00686;0,0587;0,00215;0,0144
199303;0,00669;0,00878;0,01236;-0,02962
199304;0,00651;-0,02803;0,02746;-0,00853
199305;0,00617;0,00101;-0,00781;-0,00711
199306;0,00622;0,01799;-0,02062;0,02131
199307;0,00587;0,05797;-0,01528;0,00829
199308;0,00546;0,05739;0,00167;0,04256
199309;0,00549;-0,01973;-0,00679;-0,01108
199310;0,00542;0,07625;0,01196;0,00167
199311;0,00516;-0,00731;-0,00138;0,00791
199312;0,00511;0,06304;-0,04506;0,05163
199401;0,00491;-0,02218;0,02046;0,00738
199402;0,00491;-0,03516;0,03326;0,01614
199403;0,0048;0,01016;-0,01188;0,02977
199404;0,00456;0,04298;-0,02196;0,0331
199405;0,00428;-0,05421;0,02407;-0,04389
199406;0,0041;-0,03357;0,00229;-0,00807
199407;0,00401;0,03575;-0,01695;0,01622
199408;0,00403;0,0199;-0,02824;0,01002
199409;0,00405;-0,07547;0,01678;-0,01908
199410;0,00404;0,01464;-0,02343;0,01572
199411;0,00406;-0,02054;0,0095;0,01048
199412;0,00434;0,01734;-0,01761;0,00342
199501;0,00406;-0,04242;0,00681;0,00637
199502;0,00403;0,03242;-0,02087;-0,00471
199503;0,00401;-0,08075;0,02451;-0,02959
199504;0,00375;0,03982;-0,04192;-0,00353
199505;0,00371;0,03195;-0,01972;0,01177
199506;0,00368;0,00523;0,00949;-0,02988
199507;0,00368;0,04547;-0,05088;-0,00649
199508;0,0036;0,00253;-0,01212;0,0175
199509;0,0034;-0,02368;-0,00275;-0,01273
199510;0,00331;-0,02619;-0,01774;0,01744
199511;0,00327;0,01541;-0,03926;0,00844
199512;0,00331;0,0156;-0,01599;0,01425
199601;0,00298;0,06678;-0,05606;0,03856
199602;0,00276;-0,00575;-0,00315;-0,00192
199603;0,00273;-0,00608;-0,02968;0,01884
199604;0,00271;-0,00488;0,00226;0,0236
199605;0,00272;0,02078;-0,02304;0,03135
199606;0,00275;0,0207;-0,03185;-0,01185
199607;0,00274;-0,03413;0,01302;-0,00047
199608;0,00268;0,02173;-0,06388;0,00492
199609;0,00254;0,0298;-0,03785;0,02125
199610;0,00251;0,00055;-0,01188;0,00765
199611;0,00255;0,04507;-0,05433;0,01654
199612;0,00266;0,00941;-0,00213;0,02792
199701;0,00254;0,05401;0,0246;-0,01245
199702;0,0026;0,06515;-0,0311;0,02732
199703;0,00266;0,05127;0,01989;0,00955
199704;0,00262;-0,00329;0,00757;0,00273
199705;0,00257;0,04112;0,03461;0,00874
199706;0,00253;0,05861;-0,00525;0,00428
199707;0,00254;0,13229;-0,06198;0,00344
199708;0,0026;-0,11043;0,0598;-0,03101
199709;0,0026;0,05605;-0,04572;0,00309
199710;0,00277;-0,08489;0,04293;-0,05159
199711;0,0029;0,03191;-0,04931;0,02723
199712;0,00303;0,05407;-0,05254;0,00074
199801;0,00285;0,04172;-0,03086;-0,03875
199802;0,00283;0,06217;-0,02893;0,03092
199803;0,00284;0,07498;-0,05417;0,03891
199804;0,00291;0,00734;0,07147;-0,02308
199805;0,0029;0,07091;-0,02833;-0,01965
199806;0,00285;0,03447;-0,06406;-0,04143
199807;0,00285;0,0156;-0,03698;0,00956
199808;0,00282;-0,15941;0,05767;0,01436
199809;0,00282;-0,08182;0,05747;-0,00821
199810;0,00285;0,02055;-0,01913;-0,03364
199811;0,00289;0,08958;-0,07194;0,02381
199812;0,0028;-0,01714;-0,01559;0,01672
199901;0,00257;0,02253;-0,03535;-0,00363
199902;0,00255;-0,04205;0,03707;-0,03596
199903;0,00249;-0,01291;0,01371;-0,00458
199904;0,00217;0,08034;-0,08292;0,0607
199905;0,00209;-0,04981;0,04628;-0,04035
199906;0,00213;0,05822;-0,06754;0,02647
199907;0,00215;-0,03663;0,07208;-0,0533
199908;0,00213;0,02024;-0,01706;-0,02466
199909;0,00212;-0,03961;0,01792;-0,015
199910;0,00226;0,06456;-0,06551;-0,00035
199911;0,0025;0,04989;-0,08865;-0,09351
199912;0,00286;0,15373;-0,14592;-0,05251
200001;0,00257;-0,0015;0,05952;-0,09154
200002;0,00274;0,11438;-0,03476;-0,16016
200003;0,00293;-0,01279;0,0218;0,05393
200004;0,00309;-0,03127;0,07246;0,02362
200005;0,00339;-0,03658;0,03873;0,02865
200006;0,00355;-0,03483;0,0465;0,00436
200007;0,00358;0,01545;-0,04411;0,01099
200008;0,00371;-0,00847;-0,00868;0,04356
200009;0,00382;-0,06979;0,03277;0,0361
200010;0,00394;-0,01993;-0,03352;0,05794
200011;0,00399;-0,09453;-0,0314;0,14702
200012;0,00402;-0,0158;-0,03803;0,06479
200101;0,0039;0,04305;0,02442;-0,05397
200102;0,0039;-0,07997;-0,01549;0,16185
200103;0,00387;-0,04913;0,0107;0,01811
200104;0,00388;0,06378;-0,04687;-0,06079
200105;0,00379;-0,02417;0,02565;0,02336
200106;0,00368;0,01521;-0,05424;-0,01069
200107;0,00367;-0,03501;-0,08681;0,05578
200108;0,00363;-0,08736;-0,01418;0,05423
200109;0,00329;-0,14168;-0,00708;0,03418
200110;0,00303;0,05114;0,0425;-0,07466
200111;0,0028;0,07444;-0,04645;-0,0259
200112;0,00279;0,01714;-0,07148;0,00132
200201;0,00273;0,003;0,02362;-0,00931
200202;0,00272;-0,01123;-0,04556;0,0324
200203;0,00273;0,04615;-0,04363;0,01186
200204;0,00272;-0,04677;-0,01487;0,07907
200205;0,00275;-0,02864;0,01653;0,02958
200206;0,00276;-0,07947;0,01338;0,05827
200207;0,00274;-0,10954;0,02759;0,01492
200208;0,00272;-0,00849;-0,02749;0,0392
200209;0,0027;-0,21758;0,0435;0,01693
200210;0,0027;0,11372;-0,04946;-0,08534
200211;0,00264;0,02899;-0,01926;0,01284
200212;0,00243;-0,10626;0,05136;-0,01608
200301;0,00233;-0,03917;-0,0035;-0,00853
200302;0,00226;-0,06235;0,0269;0,03244
200303;0,00212;-0,042;0,02343;-0,00359
200304;0,00211;0,17545;-0,01146;-0,02211
200305;0,00207;0,02278;0,04062;0,00422
200306;0,00178;0,06459;0,01465;0,06421
200307;0,00174;0,06064;-0,01027;0,05583
200308;0,00173;0,01321;-0,00091;0,0548
200309;0,00174;-0,05138;0,08162;-0,03192
200310;0,00172;0,09994;-0,02984;0,04189
200311;0,00171;0,01425;0,00281;0,01526
200312;0,00174;0,03847;-0,0388;-0,01198
200401;0,00169;0,03534;0,05973;0,00673
200402;0,00168;-0,00347;0,04919;0,00615
200403;0,00167;-0,03213;0,00378;-0,0211
200404;0,00168;0,02343;-0,01783;-0,02126
200405;0,00168;-0,01241;0,00444;-0,05659
200406;0,00169;0,02929;-0,00064;-0,01488
200407;0,00169;-0,03421;-0,01395;-0,00112
200408;0,00169;-0,02753;-0,01083;0,01843
200409;0,0017;0,02052;-0,00573;0,00233
200410;0,0017;0,01347;-0,01261;0,0311
200411;0,00173;0,03997;0,01857;-0,00684
200412;0,00177;0,02443;-0,01336;0,00758
200501;0,00173;0,00946;0,04118;0,03018
200502;0,00172;0,0205;0,04187;0,01298
200503;0,00172;-0,00157;0,00477;-0,00541
200504;0,00172;-0,03123;0,01811;0,00788
200505;0,00173;0,05664;-0,04101;-0,00068
200506;0,00172;0,02879;0,00918;0,04257
200507;0,00173;0,05894;-0,01863;0,04062
200508;0,00173;-0,00371;0,02759;0,0013
200509;0,00173;0,03915;0,00048;0,01713
200510;0,00173;-0,0305;0,01095;0,00457
200511;0,00182;0,04248;-0,01875;0,00375
200512;0,00197;0,03581;-0,01691;-0,03358
200601;0,00195;0,05765;0,00302;-0,00502
200602;0,00201;0,03158;0,02571;0,02558
200603;0,00215;0,02948;-0,01114;0,014
200604;0,00217;0,00547;0,02459;0,01336
200605;0,0022;-0,05485;-0,02749;-0,00068
200606;0,00234;-0,00727;-0,00904;-0,01769
200607;0,0024;0,00219;0,00386;0,03657
200608;0,00253;0,02395;-0,02774;-0,00297
200609;0,00258;0,02915;-0,00464;-0,00976
200610;0,00273;0,03154;-0,01623;0,03531
200611;0,00279;0,00748;-0,00639;0,00057
200612;0,00297;0,04418;-0,00163;-0,02832
200701;0,00295;0,02904;0,05149;-0,0318
200702;0,00298;-0,00798;0,01415;0,00972
200703;0,00313;0,03142;0,01206;0,04258
200704;0,00315;0,05417;0,00365;0,01608
200705;0,00319;0,04584;-0,04789;0,03133
200706;0,00334;0,00148;-0,01809;-0,01263
200707;0,00335;-0,03793;0,00382;0,00149
200708;0,0035;-0,0055;-0,06033;0,03288
200709;0,00359;0,01649;-0,02224;-0,00439
200710;0,00344;0,02766;-0,01491;0,01152
200711;0,00343;-0,03453;-0,05504;-0,00007
200712;0,00385;0,00782;-0,00209;-0,01023
200801;0,0034;-0,12999;0,00603;0,01242
200802;0,0034;-0,01267;0,02464;0,01449
200803;0,0035;-0,02663;-0,00874;0,0189
200804;0,00355;0,04836;-0,0149;0,01746
200805;0,00356;0,01766;-0,00434;-0,00221
200806;0,00363;-0,08878;0,03204;0,00806
200807;0,00363;-0,0083;-0,00457;-0,02626
200808;0,00364;-0,00672;0,01571;-0,00201
200809;0,00379;-0,09028;-0,06666;0,00334
200810;0,00398;-0,12597;-0,02753;-0,00997
200811;0,00319;-0,10714;0,03156;-0,0295
200812;0,00252;0,02108;0,01027;0,04159
200901;0,00176;-0,08389;0,03539;-0,01632
200902;0,00134;-0,11208;0,03492;0,02552
200903;0,00104;0,05626;-0,03586;-0,00778
200904;0,00084;0,14237;-0,05306;0,00826
200905;0,00073;0,034;0,043;-0,02341
200906;0,00074;-0,01411;0,00573;0,03457
200907;0,00048;0,09117;-0,05304;0,01505
200908;0,00038;0,00261;0,02608;0,12931
200909;0,00034;0,04191;0,0049;0,03612
200910;0,00032;-0,04852;0,03474;-0,00493
200911;0,00032;0,03399;0,00843;-0,00651
200912;0,00037;0,04689;-0,03259;0,00151
201001;0,00033;-0,04544;0,06009;0,01667
201002;0,00032;-0,00422;0,05255;-0,02704
201003;0,00031;0,09103;-0,05259;0,04454
201004;0,0003;0,00275;-0,01326;0,03809
201005;0,00031;-0,02725;0,00966;-0,02254
201006;0,00034;0,00317;0,00921;0,00271
201007;0,00048;0,02967;-0,0094;0,03616
201008;0,00049;-0,03023;0,02968;0,00465
201009;0,00047;0,06035;-0,04904;0,01782
201010;0,0006;0,0578;-0,02228;0,05
201011;0,00066;0,01284;-0,03966;0,04166
201012;0,00066;0,0363;0,00949;0,01367
201101;0,00064;0,01816;0,0301;0,00109
201102;0,00072;0,0204;0,0193;-0,00751
201103;0,00073;-0,01948;0,00986;-0,01585
201104;0,00091;0,05164;-0,04753;0,01898
201105;0,001;-0,01888;0,0234;0,00595
201106;0,00103;0,00745;-0,0601;0,04986
201107;0,00114;-0,03127;-0,01114;-0,02433
201108;0,00111;-0,16476;0,08516;-0,01476
201109;0,00108;-0,06502;0,02111;0,01283
201110;0,00109;0,10983;-0,07591;-0,04315
201111;0,00097;-0,01702;-0,03799;0,01032
201112;0,00091;-0,02942;0,01846;-0,00364
201201;0,00066;0,09727;-0,02599;-0,04991
201202;0,0005;0,05571;0,00415;-0,02511
201203;0,00037;0,01074;0,00313;0,01141
201204;0,0003;-0,01264;0,01687;-0,01304
201205;0,00028;-0,06648;0,02974;0,01355
201206;0,00032;0,01095;-0,03777;0,04714
201207;0,00018;0,0477;-0,03515;0,00356
201208;0,00011;0,02215;-0,01854;-0,00616
201209;0,0001;0,03073;-0,00863;-0,00928
201210;0,00009;0,01493;-0,01024;0,00136
201211;0,00009;0,02207;-0,02857;0,00257
201212;0,00009;0,02476;-0,01239;0,01938
201301;0,00009;0,03045;0,04171;0,03724
201302;0,0001;0,00171;0,02024;0,01269
201303;0,0001;0,00176;-0,03382;-0,03347
201304;0,0001;0,01072;-0,00088;0,0097
201305;0,00009;0,04938;-0,02662;0,02671
201306;0,0001;-0,04092;0,01254;-0,04581
201307;0,00011;0,03991;-0,02618;0,05063
201308;0,00011;-0,00953;0,02945;0,00321
201309;0,00011;0,05043;-0,00535;0,01004
201310;0,00011;0,05261;-0,00045;0,0095
201311;0,00011;0,03608;-0,01775;0,00384
201312;0,00017;0,0148;-0,02899;-0,01084
201401;0,00018;-0,02475;0,05996;-0,00513
201402;0,00018;0,03829;-0,01383;0,0036
201403;0,00019;-0,00903;-0,00567;0,00665
201404;0,00021;0,00114;-0,00832;0,01366
201405;0,00022;0,03411;0,00721;0,03177
201406;0,00012;-0,0079;0,00474;0,02099
201407;0,00008;-0,04375;0,01265;0,00232
201408;0,00007;0,0042;-0,00848;0,00294
201409;0,00002;-0,00624;-0,02582;-0,00706
201410;0,00001;-0,00877;-0,02405;-0,0101
201411;0,00001;0,06431;-0,02871;-0,02013
201412;0,00002;-0,00602;0,01673;0,01175
201501;0,00001;0,08375;-0,02208;-0,01087
201502;0;0,06574;0,00739;0,01517
201503;-0,00001;0,04529;-0,00731;0,0167
201504;-0,00003;-0,03547;0,02359;-0,00792
201505;-0,00004;0,004;0,02576;-0,01093
201506;-0,00005;-0,03682;0,01426;0,00619
201507;-0,00006;0,02485;0,02374;-0,00882
201508;-0,00008;-0,0782;0,02467;0,00387
201509;-0,00009;-0,05821;0,04957;-0,0581
201510;-0,0001;0,11154;-0,02961;-0,01991
201511;-0,00012;0,04363;-0,00083;-0,01025
201512;-0,00016;-0,04072;0,0555;-0,00701
201601;-0,00018;-0,08292;0,02162;-0,00879
201602;-0,00021;-0,0242;0,01251;-0,00116
201603;-0,00026;0,04888;-0,01138;0,01171
201604;-0,00028;0,00864;-0,0006;0,03955
201605;-0,00029;0,02139;0,00307;-0,00562
201606;-0,0003;-0,04875;0,00889;-0,02062
